age,annual_income,spending_score,purchases,visits
58,32592,70,11,14
61,115080,87,39,45
45,22165,68,7,7
30,111850,54,34,35
32,76878,24,21,34
62,73392,56,23,30
39,31396,62,11,17
20,113647,32,35,42
42,28328,19,7,1
54,43203,28,14,15
32,119327,53,41,49
35,77429,64,23,24
41,64566,58,24,35
56,101227,43,36,50
28,78589,11,34,36
61,60504,35,23,20
32,125715,72,42,50
54,132867,68,43,48
49,69856,76,19,24
65,91579,63,24,26
45,135679,38,43,54
49,29915,54,10,2
27,100240,71,38,41
56,79348,43,15,15
18,107166,49,29,30
59,62587,51,24,32
47,18425,94,3,3
29,84542,78,35,36
37,128319,37,38,50
52,120056,82,47,51
56,60487,45,20,14
37,49385,99,24,32
23,29226,50,2,8
26,34828,51,6,1
28,52741,28,16,30
64,108422,44,37,48
60,103180,24,40,44
22,62313,59,25,30
55,46864,86,15,19
20,130674,57,41,54
35,105684,30,35,40
54,79953,14,26,36
44,42957,79,17,17
64,25100,71,3,1
24,25944,40,10,14
30,88292,43,25,31
35,78637,55,35,32
53,30833,68,24,34
18,30224,89,6,10
31,131331,74,42,51
42,18282,70,5,7
45,109303,33,49,54
53,104752,52,32,34
55,114434,100,31,35
21,24572,34,5,7
50,28500,45,10,10
22,106501,68,32,44
55,95924,45,33,40
60,94503,39,30,35
38,49285,84,16,21
59,57321,10,21,25
57,91792,53,32,38
31,84307,50,37,51
41,55353,27,22,34
63,57651,9,11,12
53,57240,52,20,23
26,52664,62,18,17
56,45607,49,14,13
58,129792,52,47,64
23,101136,33,30,37
18,61719,58,14,16
53,110493,87,36,43
22,133750,50,42,55
53,37410,59,11,13
41,135831,100,40,52
61,50706,59,15,13
53,133885,93,36,43
33,131325,9,47,64
29,133528,44,45,61
44,123150,39,37,37
33,52970,71,22,25
48,47154,58,18,32
40,58001,72,12,15
43,61025,83,20,25
35,64025,42,18,27
19,33118,52,13,12
55,52795,81,18,16
45,97457,83,34,40
54,42914,54,20,35
52,108027,55,34,32
60,43825,49,15,15
38,104951,39,38,39
37,84469,47,31,33
26,43144,64,6,12
61,116059,77,35,40
18,57829,78,18,26
55,97516,42,28,30
48,122036,59,46,50
28,104356,75,37,41
33,106184,41,32,46
27,21201,100,10,5
47,72321,32,28,29
63,109272,39,39,51
24,120029,79,37,45
62,85889,30,29,37
26,123043,49,36,44
53,96047,41,38,37
50,73933,67,27,26
28,115472,69,35,42
35,118376,16,40,42
33,53992,25,20,24
52,28561,73,11,15
62,38028,53,11,7
44,26161,68,9,15
55,109163,95,37,39
40,57139,44,19,13
44,88545,54,24,25
32,53774,46,17,20
39,105670,46,31,40
26,99560,74,24,26
